kernel,self_cuda_ms,share_pct,calls
_quad_update_kernel_static,69.466,35.56,195
_quad_apply_kernel_static,59.041,30.22,187
_causal_diag_kernel_static,9.724,4.98,187
"void at::native::elementwise_kernel<128, 4, at::native::gpu_kernel_impl_nocast<at::native::direct_copy_kernel_cuda(at::TensorIteratorBase&)::{lambda()#3}::operator()() const::{lambda()#10}::operator()() const::{lambda(c10::Half)#1}>(at::TensorIteratorBase&, at::native::direct_copy_kernel_cuda(at::TensorIteratorBase&)::{lambda()#3}::operator()() const::{lambda()#10}::operator()() const::{lambda(c10::Half)#1} const&)::{lambda(int)#1}>(int, at::native::gpu_kernel_impl_nocast<at::native::direct_copy_kernel_cuda(at::TensorIteratorBase&)::{lambda()#3}::operator()() const::{lambda()#10}::operator()() const::{lambda(c10::Half)#1}>(at::TensorIteratorBase&, at::native::direct_copy_kernel_cuda(at::TensorIteratorBase&)::{lambda()#3}::operator()() const::{lambda()#10}::operator()() const::{lambda(c10::Half)#1} const&)::{lambda(int)#1})",8.811,4.51,777
"void at::native::vectorized_elementwise_kernel<4, at::native::CUDAFunctor_add<float>, std::array<char*, 3ul> >(int, at::native::CUDAFunctor_add<float>, std::array<char*, 3ul>)",6.803,3.48,1724
"void at::native::elementwise_kernel<128, 4, at::native::gpu_kernel_impl_nocast<at::native::AUnaryFunctor<c10::Half, c10::Half, c10::Half, at::native::binary_internal::MulFunctor<float> > >(at::TensorIteratorBase&, at::native::AUnaryFunctor<c10::Half, c10::Half, c10::Half, at::native::binary_internal::MulFunctor<float> > const&)::{lambda(int)#1}>(int, at::native::gpu_kernel_impl_nocast<at::native::AUnaryFunctor<c10::Half, c10::Half, c10::Half, at::native::binary_internal::MulFunctor<float> > >(at::TensorIteratorBase&, at::native::AUnaryFunctor<c10::Half, c10::Half, c10::Half, at::native::binary_internal::MulFunctor<float> > const&)::{lambda(int)#1})",6.551,3.35,392
"void at::native::unrolled_elementwise_kernel<at::native::direct_copy_kernel_cuda(at::TensorIteratorBase&)::{lambda()#3}::operator()() const::{lambda()#7}::operator()() const::{lambda(float)#1}, std::array<char*, 2ul>, 4, TrivialOffsetCalculator<1, unsigned int>, TrivialOffsetCalculator<1, unsigned int>, at::native::memory::LoadWithCast<1>, at::native::memory::StoreWithCast<1> >(int, at::native::direct_copy_kernel_cuda(at::TensorIteratorBase&)::{lambda()#3}::operator()() const::{lambda()#7}::operator()() const::{lambda(float)#1}, std::array<char*, 2ul>, TrivialOffsetCalculator<1, unsigned int>, TrivialOffsetCalculator<1, unsigned int>, at::native::memory::LoadWithCast<1>, at::native::memory::StoreWithCast<1>)",5.978,3.06,1536
void cutlass::Kernel2<cutlass_80_wmma_tensorop_f16_s161616gemm_f16_32x32_64x1_nn_align8>(cutlass_80_wmma_tensorop_f16_s161616gemm_f16_32x32_64x1_nn_align8::Params),4.260,2.18,374
void cutlass::Kernel2<cutlass_80_wmma_tensorop_f16_s161616gemm_f16_32x32_32x1_nt_align8>(cutlass_80_wmma_tensorop_f16_s161616gemm_f16_32x32_32x1_nt_align8::Params),3.866,1.98,392
"void at::native::reduce_kernel<512, 1, at::native::ReduceOp<c10::Half, at::native::func_wrapper_t<c10::Half, at::native::sum_functor<c10::Half, float, c10::Half>::operator()(at::TensorIterator&)::{lambda(float, float)#1}>, unsigned int, c10::Half, 4, 8> >(at::native::ReduceOp<c10::Half, at::native::func_wrapper_t<c10::Half, at::native::sum_functor<c10::Half, float, c10::Half>::operator()(at::TensorIterator&)::{lambda(float, float)#1}>, unsigned int, c10::Half, 4, 8>)",3.149,1.61,188
"void at::native::vectorized_elementwise_kernel<4, at::native::float16_copy_kernel_cuda(at::TensorIteratorBase&)::{lambda(float)#1}, std::array<char*, 2ul> >(int, at::native::float16_copy_kernel_cuda(at::TensorIteratorBase&)::{lambda(float)#1}, std::array<char*, 2ul>)",3.045,1.56,776
"void at::native::reduce_kernel<128, 4, at::native::ReduceOp<c10::Half, at::native::func_wrapper_t<c10::Half, at::native::sum_functor<c10::Half, float, c10::Half>::operator()(at::TensorIterator&)::{lambda(float, float)#1}>, unsigned int, c10::Half, 4, 8> >(at::native::ReduceOp<c10::Half, at::native::func_wrapper_t<c10::Half, at::native::sum_functor<c10::Half, float, c10::Half>::operator()(at::TensorIterator&)::{lambda(float, float)#1}>, unsigned int, c10::Half, 4, 8>)",2.738,1.40,392
"void at::native::vectorized_elementwise_kernel<4, at::native::AUnaryFunctor<float, float, float, at::native::binary_internal::MulFunctor<float> >, std::array<char*, 2ul> >(int, at::native::AUnaryFunctor<float, float, float, at::native::binary_internal::MulFunctor<float> >, std::array<char*, 2ul>)",2.604,1.33,752
"void pytorch_flash::flash_fwd_kernel<Flash_fwd_kernel_traits<64, 128, 128, 4, false, false, cutlass::half_t, Flash_kernel_traits<64, 128, 128, 4, cutlass::half_t> >, false, true, false, false, true, true, false, false>(pytorch_flash::Flash_fwd_params)",2.484,1.27,1
"void at::native::elementwise_kernel<128, 2, at::native::gpu_kernel_impl_nocast<at::native::AUnaryFunctor<float, float, float, at::native::binary_internal::MulFunctor<float> > >(at::TensorIteratorBase&, at::native::AUnaryFunctor<float, float, float, at::native::binary_internal::MulFunctor<float> > const&)::{lambda(int)#1}>(int, at::native::gpu_kernel_impl_nocast<at::native::AUnaryFunctor<float, float, float, at::native::binary_internal::MulFunctor<float> > >(at::TensorIteratorBase&, at::native::AUnaryFunctor<float, float, float, at::native::binary_internal::MulFunctor<float> > const&)::{lambda(int)#1})",2.366,1.21,188
"void at::native::elementwise_kernel<128, 2, at::native::gpu_kernel_impl_nocast<at::native::BinaryFunctor<float, float, float, at::native::binary_internal::DivFunctor<float> > >(at::TensorIteratorBase&, at::native::BinaryFunctor<float, float, float, at::native::binary_internal::DivFunctor<float> > const&)::{lambda(int)#1}>(int, at::native::gpu_kernel_impl_nocast<at::native::BinaryFunctor<float, float, float, at::native::binary_internal::DivFunctor<float> > >(at::TensorIteratorBase&, at::native::BinaryFunctor<float, float, float, at::native::binary_internal::DivFunctor<float> > const&)::{lambda(int)#1})",2.030,1.04,188
void cutlass::Kernel2<cutlass_80_wmma_tensorop_f16_s161616gemm_f16_16x16_64x1_tn_align8>(cutlass_80_wmma_tensorop_f16_s161616gemm_f16_16x16_64x1_tn_align8::Params),0.967,0.49,188
"void at::native::vectorized_elementwise_kernel<4, at::native::BinaryFunctor<c10::Half, c10::Half, c10::Half, at::native::binary_internal::MulFunctor<float> >, std::array<char*, 3ul> >(int, at::native::BinaryFunctor<c10::Half, c10::Half, c10::Half, at::native::binary_internal::MulFunctor<float> >, std::array<char*, 3ul>)",0.718,0.37,188
_quad_update_kernel,0.322,0.16,1
"void at::native::vectorized_elementwise_kernel<4, at::native::CUDAFunctorOnSelf_add<float>, std::array<char*, 2ul> >(int, at::native::CUDAFunctorOnSelf_add<float>, std::array<char*, 2ul>)",0.184,0.09,188
_quad_apply_kernel,0.101,0.05,1
"void at::native::vectorized_elementwise_kernel<4, at::native::FillFunctor<c10::Half>, std::array<char*, 1ul> >(int, at::native::FillFunctor<c10::Half>, std::array<char*, 1ul>)",0.062,0.03,4
"void at::native::vectorized_elementwise_kernel<4, at::native::FillFunctor<float>, std::array<char*, 1ul> >(int, at::native::FillFunctor<float>, std::array<char*, 1ul>)",0.057,0.03,5
_causal_diag_kernel,0.013,0.01,1
void cutlass::Kernel2<cutlass_80_wmma_tensorop_f16_s161616gemm_f16_32x32_32x1_nn_align8>(cutlass_80_wmma_tensorop_f16_s161616gemm_f16_32x32_32x1_nn_align8::Params),0.010,0.00,2
TOTAL,195.345,100.00,
